Rank,Team,Series,Series%,Games,Game%,Sweeps,SoS,Buchholz,MVP Index,Qualified
1,PSITS,"=""3-0""",100.0%,"=""6-1""",85.7%,2,0.433,6,84.6,YES
2,APO,"=""3-0""",100.0%,"=""6-2""",75.0%,1,0.583,7,80.83,YES
3,PICE,"=""3-1""",75.0%,"=""7-2""",77.8%,3,0.463,7,76.38,YES
4,USM ESC,"=""3-1""",75.0%,"=""7-3""",70.0%,2,0.675,11,69.29,YES
5,UFTTS,"=""3-1""",75.0%,"=""6-4""",60.0%,1,0.325,6,63.21,YES
6,FSMS,"=""3-2""",60.0%,"=""5-4""",55.6%,2,0.36,8,54.96,YES
7,ULS,"=""3-2""",60.0%,"=""6-6""",50.0%,1,0.53,11,52.78,YES
8,JMES,"=""2-2""",50.0%,"=""4-4""",50.0%,1,0.463,8,49.44,YES
9,JIECEP,"=""2-3""",40.0%,"=""5-6""",45.5%,2,0.42,8,48.66,NO
10,ICPEP,"=""2-3""",40.0%,"=""6-7""",46.2%,1,0.74,15,43.64,NO
11,AMS,"=""2-2""",50.0%,"=""3-5""",37.5%,0,0.562,8,42.81,NO
12,FTSS,"=""1-3""",25.0%,"=""3-4""",42.9%,1,0.375,7,41.34,NO
13,ABES,"=""1-3""",25.0%,"=""2-6""",25.0%,1,0.562,8,34.69,NO
14,JPEDS,"=""1-3""",25.0%,"=""3-6""",33.3%,0,0.5,9,25.83,NO
15,PNSA,"=""0-3""",0.0%,"=""1-4""",20.0%,0,0.583,8,13.75,NO
16,DEVCOM,"=""0-3""",0.0%,"=""0-6""",0.0%,0,0.417,5,6.25,NO
