Rank,Team,SeriesW,SeriesL,SeriesPct,GamesW,GamesL,GamesRecorded,GamePct,Sweeps,SoS,Form(last2),Buchholz,MVPScore
1,PSITS,3,0,1.0,6,1,7,0.857,2,0.433,1.0,6,84.6
2,APO,3,0,1.0,6,2,8,0.75,1,0.583,1.0,7,80.83
3,PICE,3,1,0.75,7,2,9,0.778,3,0.463,1.0,7,76.38
4,USM ESC,3,1,0.75,7,3,10,0.7,2,0.675,0.5,11,69.29
5,UFTTS,3,1,0.75,6,4,10,0.6,1,0.325,1.0,6,63.21
6,FSMS,3,2,0.6,5,4,9,0.556,2,0.36,0.5,8,54.96
7,ULS,3,2,0.6,6,6,12,0.5,1,0.53,0.5,11,52.78
8,JMES,2,2,0.5,4,4,8,0.5,1,0.463,0.5,8,49.44
9,JIECEP,2,3,0.4,5,6,11,0.455,2,0.42,0.5,8,48.66
10,ICPEP,2,3,0.4,6,7,13,0.462,1,0.74,0.0,15,43.64
11,AMS,2,2,0.5,3,5,8,0.375,0,0.562,0.5,8,42.81
12,FTSS,1,3,0.25,3,4,7,0.429,1,0.375,0.5,7,41.34
13,ABES,1,3,0.25,2,6,8,0.25,1,0.562,0.0,8,34.69
14,JPEDS,1,3,0.25,3,6,9,0.333,0,0.5,0.0,9,25.83
15,PNSA,0,3,0.0,1,4,5,0.2,0,0.583,0.0,8,13.75
16,DEVCOM,0,3,0.0,0,6,6,0.0,0,0.417,0.0,5,6.25
