Rank,Player,Team,GP,W,L,WinRate,K,D,A,KDAeff,MVPbadges,MVPRate,AvgScore,AvgFight,AvgDmgShare,AvgGold,TopHeroID,TopHeroName,TopHeroPicks,MVPIndex
1,Aquil.,APO,8,6,2,0.75,29,11,88,10.64,3,0.375,8.88,75.9,22.6,7962.0,86,Lylia,3,59.69
2,LenXer.,PSITS,6,5,1,0.833,12,16,86,6.12,3,0.5,9.67,80.5,13.8,7089.0,92,Carmilla,2,58.78
3,aeosthriea,JIECEP,8,4,4,0.5,73,22,37,5.0,5,0.625,9.0,70.1,32.8,12210.0,133,Hirara,4,55.54
4,music and cats,USM ESC,10,7,3,0.7,50,16,43,5.81,5,0.5,8.4,67.2,30.0,10941.0,1,Miya,7,54.15
5,Bubblegum,JMES,10,6,4,0.6,35,17,96,7.71,3,0.3,8.4,73.2,23.5,8562.0,86,Lylia,4,51.76
6,Seffyroth,PSITS,6,5,1,0.833,29,9,43,8.0,1,0.167,9.17,59.7,27.8,9018.0,114,Melissa,2,51.73
7,Nocturne,PSITS,6,5,1,0.833,42,8,27,8.62,1,0.167,8.67,57.2,23.2,9012.0,103,Paquito,3,50.67
8,Silvs.,APO,8,6,2,0.75,48,20,49,4.85,3,0.375,8.75,60.9,26.6,10391.0,1,Miya,2,50.36
9,YAOSHI,UFTTS,5,3,2,0.6,18,15,55,4.87,2,0.4,8.4,72.2,18.6,10715.0,76,Faramis,3,49.57
10,KZO ㅤㅤ,PSITS,6,5,1,0.833,27,12,55,6.83,1,0.167,8.5,67.2,21.2,7184.0,110,Valentina,3,49.4
11,Gravity,PICE,7,5,2,0.714,44,13,37,6.23,2,0.286,8.29,56.6,25.1,9910.0,79,Granger,3,48.22
12,Cronus.,PICE,7,5,2,0.714,13,31,95,3.48,2,0.286,8.71,76.6,14.6,7529.0,19,Minotaur,3,47.58
13,NAGING SAPAT BA AKO?,FSMS,10,6,4,0.6,15,36,140,4.31,3,0.3,8.7,74.8,14.6,8501.0,62,Kaja,3,47.46
14,Anveir,ABES,8,2,6,0.25,50,32,48,3.06,4,0.5,8.0,79.6,27.6,10189.0,126,Suyou,4,47.03
15,•cꪗᠻėᵣ,USM ESC,10,7,3,0.7,28,25,83,4.44,2,0.2,7.7,81.4,23.8,8485.0,129,Zetian,5,46.54
16,Ocean & Engines.,PNSA,4,1,3,0.25,28,18,18,2.56,2,0.5,7.75,84.2,27.0,8662.0,80,Guinevere,2,46.53
17,Dracarys.,APO,4,4,0,1.0,15,5,24,7.8,0,0.0,8.25,56.5,18.0,9439.0,127,Lukas,2,46.52
18,Turzxc,USM ESC,10,7,3,0.7,11,31,99,3.55,3,0.3,8.1,76.5,12.7,8021.0,19,Minotaur,5,46.38
19,NyL?,FSMS,10,6,4,0.6,51,31,74,4.03,3,0.3,8.6,60.0,30.6,11076.0,60,Hanabi,6,46.3
20,ᴶᴬᴾ,JPEDS,4,1,3,0.25,24,12,17,3.42,2,0.5,8.0,67.0,31.0,12136.0,100,Brody,2,45.92
21,ᴇꜱᴄᴀɴᴏʀ,PICE,7,5,2,0.714,15,14,76,6.5,1,0.143,7.43,72.0,16.0,6653.0,14,Rafaela,3,45.38
22,Praise Del.,APO,8,6,2,0.75,32,20,63,4.75,1,0.125,8.5,64.2,22.5,9048.0,99,Barats,2,44.83
23,Mangusi sa pudit?,FSMS,10,6,4,0.6,77,22,57,6.09,1,0.1,8.4,64.8,22.0,9165.0,68,Lunox,8,44.33
24,Licorice,JMES,10,6,4,0.6,53,26,65,4.54,2,0.2,7.9,69.1,20.5,10657.0,30,Yi Sun-shin,3,43.89
25,Super Tinn.,DEVCOM,4,0,4,0.0,33,16,14,2.94,2,0.5,8.25,70.0,31.2,12234.0,13,Clint,1,43.8
26,ᴇᴢᴀɴᴀɢɪ.,ICPEP,11,4,7,0.364,52,50,86,2.76,4,0.364,7.36,77.6,28.2,9313.0,91,Cecilion,5,43.55
27,No.1 Party Anthem,UFTTS,5,3,2,0.6,7,20,69,3.8,1,0.2,8.2,76.0,9.8,9415.0,19,Minotaur,2,43.53
28,Juswa,FSMS,10,6,4,0.6,50,23,84,5.83,1,0.1,8.3,63.7,17.5,10458.0,67,Leomord,6,43.19
29,Stephenplayz,ICPEP,11,4,7,0.364,49,40,87,3.4,4,0.364,7.64,70.7,18.5,10019.0,67,Leomord,7,42.89
30,WesternK9,PSITS,6,5,1,0.833,11,16,72,5.19,0,0.0,8.33,68.3,11.3,6156.0,93,Atlas,4,42.87
31,ᴇʟᴇᴠᴇɴ,UFTTS,5,3,2,0.6,35,20,27,3.1,1,0.2,8.0,61.8,33.6,12541.0,43,Irithel,2,42.5
32,+hedgehog+,JMES,10,6,4,0.6,14,39,109,3.15,2,0.2,7.9,73.4,10.7,7960.0,93,Atlas,5,41.82
33,Noelle.mehl,FTSS,7,3,4,0.429,33,27,46,2.93,2,0.286,7.14,70.1,30.1,9413.0,119,Novaria,4,41.48
34,CEEJAY,PICE,7,5,2,0.714,36,34,54,2.65,1,0.143,7.57,66.4,27.7,7645.0,95,Yu Zhong,5,41.19
35,Rold,FSMS,10,6,4,0.6,14,34,108,3.59,2,0.2,8.1,58.8,12.6,8180.0,92,Carmilla,7,40.77
36,flins,JMES,10,6,4,0.6,53,21,45,4.67,1,0.1,7.9,55.6,25.1,11102.0,100,Brody,4,40.48
37,why cant u for once?,JMES,10,6,4,0.6,18,22,72,4.09,2,0.2,7.4,54.4,17.9,8386.0,4,Alice,4,39.86
38,Jay L,AMS,4,1,3,0.25,1,12,38,3.25,1,0.25,7.0,82.5,17.8,8597.0,62,Kaja,2,39.71
39,Bilal Zidane,JIECEP,8,4,4,0.5,31,18,64,5.28,1,0.125,7.25,59.9,19.2,9094.0,129,Zetian,3,39.5
40,L1XHAAA,ICPEP,11,4,7,0.364,15,55,134,2.71,2,0.182,7.82,79.8,11.7,8250.0,19,Minotaur,5,39.44
41,Łåńcė K',JPEDS,4,1,3,0.25,8,18,41,2.72,1,0.25,7.5,82.5,10.2,9144.0,44,Grock,2,39.3
42,Tsuna.,FTSS,7,3,4,0.429,29,26,43,2.77,2,0.286,7.0,56.9,26.6,11232.0,1,Miya,4,38.65
43,Kapitan Setzy,ULS,10,4,6,0.4,49,45,46,2.11,3,0.3,6.9,58.9,31.3,11303.0,53,Lesley,3,38.4
44,Eater of Worlds,ABES,8,2,6,0.25,14,31,75,2.87,2,0.25,7.12,76.1,14.5,7649.0,93,Atlas,4,38.21
45,Prime Cris.,APO,8,6,2,0.75,16,30,86,3.4,0,0.0,7.62,67.0,9.9,7794.0,93,Atlas,2,38.04
46,Reiji,ULS,10,4,6,0.4,17,40,96,2.83,2,0.2,7.1,72.6,12.1,9021.0,104,Gloo,3,37.83
47,Dracule Mihawk,JIECEP,8,4,4,0.5,20,29,73,3.21,1,0.125,7.62,55.9,21.0,8802.0,99,Barats,3,37.24
48,ALOJA.,JPEDS,4,1,3,0.25,7,9,37,4.89,0,0.0,7.5,75.0,20.2,8711.0,36,Aurora,2,36.89
49,KiKiKaKa.,ULS,10,4,6,0.4,47,52,65,2.15,2,0.2,6.6,70.6,21.7,8928.0,102,Mathilda,3,36.65
50,eldrchjnv,DEVCOM,4,0,4,0.0,1,19,51,2.74,1,0.25,7.75,73.5,15.0,9104.0,70,Belerick,2,36.45
51,iyahrie✿⁠,JIECEP,8,4,4,0.5,8,27,101,4.04,0,0.0,7.75,66.1,8.5,8163.0,92,Carmilla,3,36.32
52,Jims.,ABES,8,2,6,0.25,18,31,71,2.87,1,0.125,6.88,76.4,22.9,8430.0,129,Zetian,4,36.08
53,Sensui.,AMS,4,1,3,0.25,25,23,12,1.61,1,0.25,6.25,76.2,24.8,12361.0,126,Suyou,2,35.92
54,Zamir.,FTSS,7,3,4,0.429,7,23,66,3.17,1,0.143,7.0,61.9,8.7,7564.0,93,Atlas,4,35.26
55,KAISER,USM ESC,10,7,3,0.7,38,29,45,2.86,0,0.0,6.6,60.9,17.3,10384.0,30,Yi Sun-shin,3,34.64
56,Solo┃levelingッ,USM ESC,10,7,3,0.7,11,19,61,3.79,0,0.0,6.7,52.4,13.7,7648.0,59,Uranus,5,34.37
57,Reinhart,PICE,7,5,2,0.714,30,26,49,3.04,0,0.0,6.57,57.3,14.0,9045.0,126,Suyou,3,34.08
58,max :p,ABES,8,2,6,0.25,14,41,85,2.41,0,0.0,7.25,82.6,11.5,7946.0,48,Diggie,3,33.56
59,Nadskie.,UFTTS,5,3,2,0.6,8,19,52,3.16,0,0.0,7.0,54.0,14.6,8624.0,93,Atlas,2,33.51
60,Solace,APO,4,2,2,0.5,13,11,19,2.91,1,0.25,6.0,38.5,13.8,8602.0,42,Harley,1,32.79
61,OG•|ᴀɴa.ʙɪᴛ,UFTTS,5,3,2,0.6,30,28,30,2.14,0,0.0,6.8,54.4,21.0,11974.0,21,Hayabusa,3,32.54
62,FELIX,FTSS,7,3,4,0.429,19,34,53,2.12,0,0.0,6.57,64.6,17.6,7933.0,75,Kadita,2,31.52
63,Miss' Hong,ICPEP,11,4,7,0.364,27,41,80,2.61,0,0.0,6.73,60.5,18.1,8567.0,37,Lapu-Lapu,5,31.24
64,Kurousa`,PNSA,3,1,2,0.333,4,18,29,1.83,0,0.0,6.67,68.7,12.3,6826.0,19,Minotaur,2,30.49
65,マービンさん,ABES,8,2,6,0.25,26,31,48,2.39,0,0.0,6.5,64.4,21.1,8037.0,53,Lesley,2,30.25
66,nezara :p,ULS,10,4,6,0.4,35,49,51,1.76,1,0.1,6.1,53.8,16.4,10596.0,42,Harley,4,30.1
67,skyxeiji,ICPEP,11,4,7,0.364,42,44,62,2.36,0,0.0,6.36,55.9,20.9,10350.0,114,Melissa,4,29.8
68,PREDATOR.,JPEDS,4,1,3,0.25,4,16,30,2.12,0,0.0,7.0,55.8,20.0,8898.0,70,Belerick,2,29.52
69,Temp,JIECEP,8,4,4,0.5,26,25,41,2.68,0,0.0,6.12,47.0,16.1,9175.0,105,Beatrix,5,29.26
70,ғᴜᴅɢᴇᴇ.,PNSA,4,1,3,0.25,4,13,26,2.31,0,0.0,6.75,50.5,22.5,7344.0,99,Barats,2,28.71
71,Seomi,ULS,10,4,6,0.4,11,40,64,1.88,1,0.1,5.7,46.3,15.9,8250.0,59,Uranus,5,28.28
72,Reigh J,AMS,4,1,3,0.25,8,9,19,3.0,0,0.0,5.75,55.8,18.8,9470.0,13,Clint,2,27.99
73,Kynzawa,FTSS,7,3,4,0.429,27,36,39,1.83,0,0.0,5.57,56.6,14.3,8923.0,56,Gusion,5,27.63
74,yukira.,PNSA,4,1,3,0.25,14,18,21,1.94,0,0.0,5.5,62.2,20.0,6294.0,15,Eudora,1,27.27
75,Jay Em.,DEVCOM,4,0,4,0.0,7,23,29,1.57,1,0.25,5.75,48.0,14.5,8582.0,81,Esmeralda,2,27.11
76,Mahoraga.,JPEDS,4,1,3,0.25,15,13,13,2.15,0,0.0,6.25,44.5,16.0,11295.0,42,Harley,1,25.97
77,ᴀᴋɪᴏ.,PNSA,3,1,2,0.333,4,15,18,1.47,0,0.0,5.33,55.3,14.7,6895.0,13,Clint,1,25.6
78,Cadz.,DEVCOM,4,0,4,0.0,16,20,24,2.0,0,0.0,6.0,56.2,16.0,10985.0,30,Yi Sun-shin,1,24.54
79,PH AL.,DEVCOM,4,0,4,0.0,12,18,26,2.11,0,0.0,5.75,54.2,20.0,8626.0,38,Vexana,2,24.28
80,Nair,AMS,4,1,3,0.25,5,20,17,1.1,0,0.0,5.0,45.0,18.5,7507.0,81,Esmeralda,2,22.48
81,URBAN LEGENDS TO BOI,AMS,4,1,3,0.25,7,21,16,1.1,0,0.0,4.25,51.2,18.0,7506.0,15,Eudora,1,21.86
82,zenith ⋆.ೃ࿔.,PNSA,2,0,2,0.0,2,7,5,1.0,0,0.0,3.5,40.0,15.5,6448.0,1,Miya,1,15.8
83,?,USM ESC,83,0,83,0.0,0,0,0,0.0,0,0.0,0.0,0.0,0.0,0.0,0,Unknown,83,0.0
