Hero,Picks,W/L,Win%,K/D/A,Game MVP
Atlas (id 93),31,"=""15-16""",48.4%,46/111/330,2
Carmilla (id 92),29,"=""16-13""",55.2%,41/112/330,6
Belerick (id 70),27,"=""15-12""",55.6%,42/91/305,6
Miya (id 1),24,"=""15-9""",62.5%,114/71/123,10
Minotaur (id 19),24,"=""12-12""",50.0%,18/107/221,4
Zetian (id 129),20,"=""10-10""",50.0%,40/60/206,3
Suyou (id 126),18,"=""9-9""",50.0%,88/70/85,4
Leomord (id 67),16,"=""9-7""",56.2%,84/42/153,6
Melissa (id 114),16,"=""9-7""",56.2%,71/38/104,4
Paquito (id 103),14,"=""9-5""",64.3%,99/47/79,2
